{"cameraMode":{"drawMode":0,"name":"Shaded","section":"Shading Mode"},"sceneLighting":true,"audioPlay":false,"sceneViewState":{"m_AlwaysRefresh":false,"showFog":true,"showSkybox":true,"showFlares":true,"showImageEffects":true,"showParticleSystems":true,"showVisualEffectGraphs":true,"m_FxEnabled":true},"in2DMode":false,"pivot":{"x":1.2875051498413087,"y":0.750315248966217,"z":-2.0927257537841799},"rotation":{"x":-0.0004616185324266553,"y":-0.9995166659355164,"z":0.023993784561753274,"w":-0.01919548586010933},"size":0.42417269945144656,"orthographic":false}