{"cameraMode":{"drawMode":0,"name":"Shaded","section":"Shading Mode"},"sceneLighting":true,"audioPlay":false,"sceneViewState":{"m_AlwaysRefresh":false,"showFog":true,"showSkybox":true,"showFlares":true,"showImageEffects":true,"showParticleSystems":true,"showVisualEffectGraphs":true,"m_FxEnabled":true},"in2DMode":false,"pivot":{"x":2.2167837619781496,"y":-0.45142731070518496,"z":-1.6834306716918946},"rotation":{"x":-0.0021423054859042169,"y":0.9916477203369141,"z":-0.12712576985359193,"w":-0.01606026478111744},"size":0.2533026337623596,"orthographic":false}