{"cameraMode":{"drawMode":0,"name":"Shaded","section":"Shading Mode"},"sceneLighting":true,"audioPlay":false,"sceneViewState":{"m_AlwaysRefresh":false,"showFog":true,"showSkybox":true,"showFlares":true,"showImageEffects":true,"showParticleSystems":true,"showVisualEffectGraphs":true,"m_FxEnabled":true},"in2DMode":false,"pivot":{"x":-2.742133140563965,"y":0.4913799464702606,"z":-2.2008728981018068},"rotation":{"x":-0.0035036986228078605,"y":0.9937464594841003,"z":-0.10681253671646118,"w":-0.03130220249295235},"size":0.6171246767044067,"orthographic":false}